<?xml version="1.0" encoding="UTF-8"?>
<project-private xmlns="http://www.netbeans.org/ns/project-private/1">
    <editor-bookmarks xmlns="http://www.netbeans.org/ns/editor-bookmarks/2" lastBookmarkId="0"/>
    <open-files xmlns="http://www.netbeans.org/ns/projectui-open-files/2">
        <group>
            <file>file:/C:/Users/vankh/OneDrive/Desktop/Lưu%20code%20gitlab/HotelCombine/web/assets/refundCustomer.css</file>
            <file>file:/C:/Users/vankh/OneDrive/Desktop/Lưu%20code%20gitlab/HotelCombine/src/java/dao/AccountDAO.java</file>
            <file>file:/C:/Users/vankh/OneDrive/Desktop/Lưu%20code%20gitlab/HotelCombine/web/view/staffRefundList.jsp</file>
            <file>file:/C:/Users/vankh/OneDrive/Desktop/Lưu%20code%20gitlab/HotelCombine/src/java/controller/LoginServlet.java</file>
            <file>file:/C:/Users/vankh/OneDrive/Desktop/Lưu%20code%20gitlab/HotelCombine/web/assets/register.css</file>
            <file>file:/C:/Users/vankh/OneDrive/Desktop/Lưu%20code%20gitlab/HotelCombine/web/view/thankyou.jsp</file>
            <file>file:/C:/Users/vankh/OneDrive/Desktop/Lưu%20code%20gitlab/HotelCombine/src/java/controller/ContactServlet.java</file>
            <file>file:/C:/Users/vankh/OneDrive/Desktop/Lưu%20code%20gitlab/HotelCombine/web/assets/contact.css</file>
            <file>file:/C:/Users/vankh/OneDrive/Desktop/Lưu%20code%20gitlab/HotelCombine/src/java/controller/EditProfileServlet.java</file>
            <file>file:/C:/Users/vankh/OneDrive/Desktop/Lưu%20code%20gitlab/HotelCombine/web/view/Book.jsp</file>
            <file>file:/C:/Users/vankh/OneDrive/Desktop/Lưu%20code%20gitlab/HotelCombine/web/assets/thankyou.css</file>
            <file>file:/C:/Users/vankh/OneDrive/Desktop/Lưu%20code%20gitlab/HotelCombine/web/view/BookingHistory.jsp</file>
            <file>file:/C:/Users/vankh/OneDrive/Desktop/Lưu%20code%20gitlab/HotelCombine/web/view/account_add.jsp</file>
            <file>file:/C:/Users/vankh/OneDrive/Desktop/Lưu%20code%20gitlab/HotelCombine/web/view/nav.jsp</file>
            <file>file:/C:/Users/vankh/OneDrive/Desktop/Lưu%20code%20gitlab/HotelCombine/web/view/register.jsp</file>
            <file>file:/C:/Users/vankh/OneDrive/Desktop/Lưu%20code%20gitlab/HotelCombine/web/assets/refund.css</file>
            <file>file:/C:/Users/vankh/OneDrive/Desktop/Lưu%20code%20gitlab/HotelCombine/src/java/model/Account.java</file>
            <file>file:/C:/Users/vankh/OneDrive/Desktop/Lưu%20code%20gitlab/HotelCombine/web/view/account_edit.jsp</file>
            <file>file:/C:/Users/vankh/OneDrive/Desktop/Lưu%20code%20gitlab/HotelCombine/web/view/otp.jsp</file>
            <file>file:/C:/Users/vankh/OneDrive/Desktop/Lưu%20code%20gitlab/HotelCombine/web/view/Details.jsp</file>
            <file>file:/C:/Users/vankh/OneDrive/Desktop/Lưu%20code%20gitlab/HotelCombine/web/assets/staffdashboard.css</file>
            <file>file:/C:/Users/vankh/OneDrive/Desktop/Lưu%20code%20gitlab/HotelCombine/web/assets/Payment.css</file>
            <file>file:/C:/Users/vankh/OneDrive/Desktop/Lưu%20code%20gitlab/HotelCombine/web/view/HoaDon.jsp</file>
            <file>file:/C:/Users/vankh/OneDrive/Desktop/Lưu%20code%20gitlab/HotelCombine/web/assets/profile.css</file>
            <file>file:/C:/Users/vankh/OneDrive/Desktop/Lưu%20code%20gitlab/HotelCombine/web/view/review.jsp</file>
            <file>file:/C:/Users/vankh/OneDrive/Desktop/Lưu%20code%20gitlab/HotelCombine/web/assets/PaymentConf.css</file>
            <file>file:/C:/Users/vankh/OneDrive/Desktop/Lưu%20code%20gitlab/HotelCombine/src/java/dao/DBContext.java</file>
            <file>file:/C:/Users/vankh/OneDrive/Desktop/Lưu%20code%20gitlab/HotelCombine/web/view/Services.jsp</file>
            <file>file:/C:/Users/vankh/OneDrive/Desktop/Lưu%20code%20gitlab/HotelCombine/src/java/controller/LogoutServlet.java</file>
            <file>file:/C:/Users/vankh/OneDrive/Desktop/Lưu%20code%20gitlab/HotelCombine/web/view/account_list.jsp</file>
            <file>file:/C:/Users/vankh/OneDrive/Desktop/Lưu%20code%20gitlab/HotelCombine/web/js/main.js</file>
            <file>file:/C:/Users/vankh/OneDrive/Desktop/Lưu%20code%20gitlab/HotelCombine/web/view/PaymentConf.jsp</file>
            <file>file:/C:/Users/vankh/OneDrive/Desktop/Lưu%20code%20gitlab/HotelCombine/web/ManagerDashboard.jsp</file>
            <file>file:/C:/Users/vankh/OneDrive/Desktop/Lưu%20code%20gitlab/HotelCombine/web/view/gallery.jsp</file>
            <file>file:/C:/Users/vankh/OneDrive/Desktop/Lưu%20code%20gitlab/HotelCombine/web/view/payment.jsp</file>
            <file>file:/C:/Users/vankh/OneDrive/Desktop/Lưu%20code%20gitlab/HotelCombine/web/view/refundRoom.jsp</file>
            <file>file:/C:/Users/vankh/OneDrive/Desktop/Lưu%20code%20gitlab/HotelCombine/web/view/contact.jsp</file>
            <file>file:/C:/Users/vankh/OneDrive/Desktop/Lưu%20code%20gitlab/HotelCombine/web/StaffDashboard.jsp</file>
            <file>file:/C:/Users/vankh/OneDrive/Desktop/Lưu%20code%20gitlab/HotelCombine/web/view/profile.jsp</file>
            <file>file:/C:/Users/vankh/OneDrive/Desktop/Lưu%20code%20gitlab/HotelCombine/src/java/controller/AccountServlet.java</file>
            <file>file:/C:/Users/vankh/OneDrive/Desktop/Lưu%20code%20gitlab/HotelCombine/web/assets/otp.css</file>
            <file>file:/C:/Users/vankh/OneDrive/Desktop/Lưu%20code%20gitlab/HotelCombine/src/java/dao/BookDAO.java</file>
            <file>file:/C:/Users/vankh/OneDrive/Desktop/Lưu%20code%20gitlab/HotelCombine/web/home.jsp</file>
            <file>file:/C:/Users/vankh/OneDrive/Desktop/Lưu%20code%20gitlab/HotelCombine/web/assets/Homes.css</file>
            <file>file:/C:/Users/vankh/OneDrive/Desktop/Lưu%20code%20gitlab/HotelCombine/web/WEB-INF/web.xml</file>
            <file>file:/C:/Users/vankh/OneDrive/Desktop/Lưu%20code%20gitlab/HotelCombine/web/view/roomDetail.jsp</file>
            <file>file:/C:/Users/vankh/OneDrive/Desktop/Lưu%20code%20gitlab/HotelCombine/web/view/contact-success.jsp</file>
            <file>file:/C:/Users/vankh/OneDrive/Desktop/Lưu%20code%20gitlab/HotelCombine/web/view/Statistical.jsp</file>
        </group>
    </open-files>
</project-private>
